group,name,position
7,Noah Whittington,RB
4,Tim Keenan III,DL
4,Jalen Farmer,IOL
4,Gracen Halton,DL
3,Michael Trigg,TE
3,Dani Dennis-Sutton,EDGE
3,Billy Schrauth,IOL
4,Cade Klubnik,QB
3,Genesis Smith,S
4,Xavier Nwankpa,S
5,Kyle Louis,LB
7,Jack Pyburn,EDGE
3,Germie Bernard,WR
7,Ar'maj Reed-Adams,IOL
4,Thaddeus Dixon,CB
7,Cole Wisniewski,S
5,Sawyer Robertson,QB
2.2,Zachariah Branch,WR
2.2,Malik Muhammad,CB
5,Mikail Kamara,EDGE
2.2,Chandler Rivers,CB
7,Avery Smith,CB
3,Keith Abney II,CB
3,Jake Slaughter,IOL
4,Caleb Douglas,WR
4,VJ Payne,S
4,Zane Durant,DL
2.2,Zakee Wheatley,S
7,Josh Gesky,IOL
1.4,Avieon Terrell,CB
2.2,Emmanuel Pregnon,IOL
2.2,Jadarian Price,RB
5,Jalen Huskey,S
3,Eli Raridon,TE
5,Lorenzo Styles,S
5,Andre Fuller,CB
5,Bryce Boettcher,LB
5,Dillon Bell,WR
4,Tacario Davis,CB
7,Haynes King,QB
4,Brenen Thompson,WR
3,Max Iheanachor,OT
7,Harrison Wallace III,WR
7,Charles Demmings,CB
2.2,D'Angelo Ponds,CB
3,Reggie Virgil,WR
5,Owen Heinecke,LB
4,Marlin Klein,TE
7,Jordan Van Den Berg,DL
2.2,Kayden McDonald,DL
5,Aiden Fisher,LB
4,Robert Spears-Jennings,S
5,Pat Coogan,IOL
4,Kage Casey,OT
2.2,T.J. Parker,EDGE
3,Sam Hecht,IOL
3,Domonique Orange,DL
1.4,Kenyon Sadiq,TE
3,Oscar Delp,TE
7,Joey Aguilar,QB
1.3,Rueben Bain Jr.,EDGE
3,Deontae Lawson,LB
5,Aamil Wagner,OT
7,Quintayvious Hutchins,EDGE
4,Le'Veon Moss,RB
4,Hezekiah Masses,CB
4,Jonah Coleman,RB
3,Jacob Rodriguez,LB
1.4,Spencer Fano,OT
5,Vincent Anthony Jr.,EDGE
5,Chris McClellan,DL
7,J'Mari Taylor,RB
3,Austin Barber,OT
5,Eric Rivers,WR
3,Jude Bowry,OT
5,Keyshaun Elliott,LB
7,Keagen Trost,IOL
4,Garrett DiGiorgio,IOL
5,Zxavian Harris,DL
3,Jakobe Thomas,S
4,Jaishawn Barham,EDGE
3,Josh Cameron,WR
4,Keyron Crawford,EDGE
2.2,Chase Bisontis,IOL
2.2,Kadyn Proctor,OT
7,DeShon Singleton,S5,Max Llewellyn,DL
4,Dontay Corleone,DL
5,Dan Villari,TE
2.2,Chris Bell,WR
7,Skyler Gill-Howard,DL
7,Deven Eastern,DL
4,Parker Brailsford,IOL
3,Gennings Dunker,IOL
4,Logan Jones,IOL
5,Drew Shelton,OT
2.2,Josiah Trotter,LB
5,DJ Campbell,IOL
3,Drew Allar,QB
7,Dalton Johnson,S
2.2,Malachi Lawrence,EDGE
7,Evan Beerntsen,IOL
3,Jadon Canady,CB
2.2,Chris Johnson,CB
5,Michael Taaffe,S
7,Chase Roberts,WR
2.2,Cashius Howell,EDGE
4,Demond Claiborne,RB
4,Bryce Lance,WR
7,Luke Altmyer,QB
2.2,Christen Miller,DL
2.2,R Mason Thomas,EDGE
5,Eli Heidenreich,RB
1.4,Dillon Thieneman,S
3,Antonio Williams,WR
7,Wesley Williams,DL
1.4,Francis Mauigoa,IOL
1.4,Kevin Concepcion,WR
4,Devon Marshall,CB
3,Julian Neal,CB
3,Justin Joly,TE
3,LT Overton,DL
5,Kaleb Elarms-Orr,LB
2.2,Monroe Freeling,OT
7,Jaydn Ott,RB
7,Alex Harkey,IOL
2.2,Deion Burks,WR
3,De'Zhaun Stribling,WR
2.2,Lee Hunter,DL
3,Cyrus Allen,WR
7,Jaren Kanak,TE
2.2,Omar Cooper Jr.,WR
3,Elijah Sarratt,WR
1.3,Arvell Reese,LB
7,Logan Fano,EDGE
1.4,Peter Woods,DL
3,Brandon Cisse,CB
2.2,Skyler Bell,WR
4,Keionte Scott,CB
7,Keelan Marion,WR
7,Bryson Eason,DL
4,Kaytron Allen,RB
3,Darrell Jackson Jr.,DL
2.2,Keylan Rutledge,IOL
2.2,Ty Simpson,QB
1.4,Jermod McCoy,CB
4,Diego Pounds,OT
5,Joshua Braun,IOL
4,Emmett Johnson,RB
4,Febechi Nwaiwu,IOL
4,Carver Willis,IOL
1.4,Emmanuel McNeil-Warren,S
4,Justin Jefferson,LB
1.4,Makai Lemon,WR
4,Harold Perkins Jr.,LB
7,Red Murdock,LB
3,Markel Bell,OT
3,Jack Endries,TE
1.4,Mansoor Delane,CB
7,Diego Pavia,QB
3,Daylen Everette,CB
3,Ja'Kobi Lane,WR
1.4,Keldric Faulk,DL
3,Bud Clark,S
2.2,Zion Young,EDGE
7,Jager Burton,IOL
7,Bishop Fitzgerald,S
3,Caleb Tiernan,OT
4,Lander Barton,LB
7,Alan Herron,OT
1.4,Sonny Styles,LB
7,Khalil Dinkins,TE
5,Barion Brown,WR
7,Eric Gentry,LB
4,Anez Cooper,IOL
4,Carson Beck,QB
5,Caden Curry,EDGE
4,Domani Jackson,CB
3,Treydan Stukes,CB
4,CJ Daniels,WR
2.2,Jake Golday,LB
3,Ted Hurst,WR
2.2,Malachi Fields,WR
4,Logan Taylor,IOL
4,DeMonte Capehart,DL
7,Cameron Ball,DL
5,Jeff Caldwell,WR
5,Kevin Coleman Jr.,WR
7,James Brockermeyer,IOL
4,T.J. Hall,CB
5,Kaden Wetjen,WR
5,Micah Morris,IOL
4,Will Lee III,CB
4,Lewis Bond,WR
1.4,David Bailey,EDGE
5,Kendrick Law,WR
5,Dametrious Crownover,OT
2.2,Jalon Kilgore,S
5,Tyren Montgomery,WR
3,Sam Roush,TE
5,Eric McAlister,WR
2.2,A.J. Haulcy,S
1.3,Fernando Mendoza,QB
2.2,Denzel Boston,WR
1.2,Jeremiyah Love,RB
5,Kaelon Black,RB
4,Josh Cuevas,TE
2.2,Blake Miller,OT
3,Kamari Ramsey,S
4,Rayshaun Benny,DL
1.4,Olaivavega Ioane,IOL
5,Roman Hemby,RB
2.2,Caleb Banks,DL
7,Landon Robinson,DL
5,Jacob Thomas,S
3,Travis Burke,OT
5,Isaiah World,OT
5,Riley Nowakowski,TE
2.2,Chris Brazzell II,WR
5,Nate Boerkircher,TE
7,Caullin Lacy,WR
2.2,Garrett Nussmeier,QB
4,Dallen Bentley,TE
5,Nicholas Singleton,RB
3,Brian Parker II,IOL
3,Eli Stowers,TE
7,Fernando Carmona,IOL
1.4,Carnell Tate,WR
7,Latrell McCutchin Sr.,CB
3,Devin Moore,CB
3,Romello Height,EDGE
3,Anthony Hill Jr.,LB
7,Vinny Anthony II,WR
2.2,Gabe Jacas,EDGE
5,John Michael Gyllenborg,TE
5,Matt Gulbin,IOL
5,Nadame Tucker,EDGE
3,Ephesians Prysock,CB
7,J.C. Davis,OT
7,Jack Kelly,LB
5,Jeremiah Wright,IOL
4,Beau Stephens,IOL
5,Jalen Stroman,S
1.2,Caleb Downs,S
2.2,Colton Hood,CB
2.2,Caleb Lomu,OT
4,Cole Payton,QB
5,Toriano Pride,CB
4,Taylen Green,QB
5,Caden Barnett,IOL
3,Louis Moore,S
3,Derrick Moore,EDGE
5,Nick Barrett,DL
4,Dae'Quan Wright,TE
5,Adam Randall,RB
2.2,Akheem Mesidor,EDGE
5,Kaleb Proctor,DL
4,Tyreak Sapp,EDGE
4,Tanner Koziol,TE
3,Connor Lew,IOL
3,Joshua Josephs,EDGE
3,Taurean York,LB
5,Anthony Lucas,EDGE
4,Will Kacmarek,TE
5,Nolan Rucci,OT
7,Aaron Anderson,WR
4,Joe Royer,TE
3,Davison Igbinosun,CB
2.2,CJ Allen,LB
4,Trey Zuhn III,IOL
5,Albert Regis,DL
2.2,Mike Washington Jr.,RB
7,CJ Donaldson,RB
1.4,Jordyn Tyson,WR
2.2,Max Klare,TE
