group,name,position
3,Taurean York,LB
1.4,Peter Woods,DL
7,Haynes King,QB
2.2,Malik Muhammad,CB
3,Bud Clark,S
4,CJ Daniels,WR
4,Devon Marshall,CB
2.2,Gabe Jacas,EDGE
4,Zane Durant,DL
3,Max Iheanachor,OT
1.3,Rueben Bain Jr.,EDGE
5,Kaden Wetjen,WR
4,Joe Royer,TE
3,Dani Dennis-Sutton,EDGE
7,Logan Fano,EDGE
3,Joshua Josephs,EDGE
3,Kamari Ramsey,S
5,Keyshaun Elliott,LB
4,Xavier Nwankpa,S
5,Kevin Coleman Jr.,WR
5,Eli Heidenreich,RB
5,Tyren Montgomery,WR
1.4,Jermod McCoy,CB
3,Justin Joly,TE
3,Cyrus Allen,WR
7,Jack Kelly,LB
5,Eric McAlister,WR
1.3,Arvell Reese,LB
4,Lander Barton,LB
3,Eli Stowers,TE
7,Evan Beerntsen,IOL
4,Jonah Coleman,RB
4,Tyreak Sapp,EDGE
2.2,D'Angelo Ponds,CB
3,Daylen Everette,CB
5,Nolan Rucci,OT
4,Caleb Douglas,WR
7,Jager Burton,IOL
4,Kage Casey,OT
5,Michael Taaffe,S
5,Isaiah World,OT
7,J'Mari Taylor,RB
2.2,Zion Young,EDGE
5,Nick Barrett,DL
5,Vincent Anthony Jr.,EDGE
3,Jakobe Thomas,S
5,Kendrick Law,WR
4,Diego Pounds,OT
2.2,Chase Bisontis,IOL
5,Drew Shelton,OT
1.4,David Bailey,EDGE
5,Aamil Wagner,OT
2.2,Akheem Mesidor,EDGE
2.2,Ty Simpson,QB
7,Bishop Fitzgerald,S
5,Jalen Huskey,S
3,Caleb Tiernan,OT
4,Will Lee III,CB
1.4,Olaivavega Ioane,IOL
3,Sam Hecht,IOL
1.4,Kenyon Sadiq,TE
4,Harold Perkins Jr.,LB
7,Jordan Van Den Berg,DL
4,Trey Zuhn III,IOL
1.4,Sonny Styles,LB
2.2,Denzel Boston,WR
7,Caullin Lacy,WR
5,Jeff Caldwell,WR
7,Noah Whittington,RB
2.2,Kadyn Proctor,OT
4,Emmett Johnson,RB
7,Keagen Trost,IOL
5,Anthony Lucas,EDGE
5,Aiden Fisher,LB
4,Robert Spears-Jennings,S
5,Jeremiah Wright,IOL
4,Jaishawn Barham,EDGE
2.2,Skyler Bell,WR
2.2,Omar Cooper Jr.,WR
5,Nadame Tucker,EDGE
1.4,Francis Mauigoa,IOL
3,Michael Trigg,TE
5,Kaleb Proctor,DL
2.2,Chris Brazzell II,WR
7,Eric Gentry,LB
7,Joey Aguilar,QB
2.2,Lee Hunter,DL
3,Ted Hurst,WR
4,Josh Cuevas,TE
3,Domonique Orange,DL
7,Deven Eastern,DL
3,Jacob Rodriguez,LB
4,Lewis Bond,WR
5,Kyle Louis,LB
3,Genesis Smith,S
4,Cade Klubnik,QB
2.2,Jake Golday,LB
3,Germie Bernard,WR
4,Keionte Scott,CB
2.2,Emmanuel Pregnon,IOL
2.2,CJ Allen,LB
4,Kaytron Allen,RB
7,James Brockermeyer,IOL
4,Rayshaun Benny,DL
1.4,Emmanuel McNeil-Warren,S
1.4,Carnell Tate,WR
7,Chase Roberts,WR
5,Nate Boerkircher,TE
4,Dallen Bentley,TE
4,Tanner Koziol,TE
5,Mikail Kamara,EDGE
3,Romello Height,EDGE
4,DeMonte Capehart,DL
2.2,Keylan Rutledge,IOL
4,Logan Jones,IOL
3,Deontae Lawson,LB
7,Jaren Kanak,TE
5,Pat Coogan,IOL
4,Hezekiah Masses,CB
4,Taylen Green,QB
4,Marlin Klein,TE
7,Jaydn Ott,RB
5,Riley Nowakowski,TE
5,DJ Campbell,IOL
7,Ar'maj Reed-Adams,IOL
3,Keith Abney II,CB
5,Barion Brown,WR
4,Brenen Thompson,WR
4,Dontay Corleone,DL
5,Max Llewellyn,DL
4,Justin Jefferson,LB
7,Luke Altmyer,QB
5,Caden Curry,EDGE
2.2,Max Klare,TE
5,Dametrious Crownover,OT
5,Albert Regis,DL
3,Brandon Cisse,CB
7,Vinny Anthony II,WR
2.2,Blake Miller,OT
2.2,Colton Hood,CB
4,Gracen Halton,DL
4,Bryce Lance,WR
7,Bryson Eason,DL
5,Kaleb Elarms-Orr,LB
5,Adam Randall,RB
5,Dillon Bell,WR
3,Reggie Virgil,WR
4,Domani Jackson,CB
5,Jacob Thomas,S
3,Josh Cameron,WR
1.4,Kevin Concepcion,WR
3,Brian Parker II,IOL
1.2,Jeremiyah Love,RB
2.2,Malachi Lawrence,EDGE
3,Derrick Moore,EDGE
3,Austin Barber,OT
4,Carver Willis,IOL
2.2,R Mason Thomas,EDGE
2.2,Cashius Howell,EDGE
2.2,Chris Bell,WR
5,Andre Fuller,CB
2.2,Christen Miller,DL
3,Billy Schrauth,IOL
2.2,Malachi Fields,WR
5,Toriano Pride,CB
4,Dae'Quan Wright,TE
7,Aaron Anderson,WR
2.2,Monroe Freeling,OT
5,Bryce Boettcher,LB
3,Ephesians Prysock,CB
7,Harrison Wallace III,WR
7,Fernando Carmona,IOL
2.2,Jalon Kilgore,S
7,Diego Pavia,QB
3,Davison Igbinosun,CB
7,Josh Gesky,IOL
4,Tacario Davis,CB
7,Jack Pyburn,EDGE
5,Zxavian Harris,DL
5,Dan Villari,TE
5,Micah Morris,IOL
3,Anthony Hill Jr.,LB
7,DeShon Singleton,S5,Eric Rivers,WR
7,Alex Harkey,IOL
4,Cole Payton,QB
4,Le'Veon Moss,RB
2.2,Zachariah Branch,WR
4,Keyron Crawford,EDGE
5,Roman Hemby,RB
4,VJ Payne,S
3,LT Overton,DL
4,Garrett DiGiorgio,IOL
7,Charles Demmings,CB
7,CJ Donaldson,RB
2.2,Caleb Lomu,OT
2.2,Caleb Banks,DL
4,Carson Beck,QB
2.2,Kayden McDonald,DL
3,Darrell Jackson Jr.,DL
1.4,Jordyn Tyson,WR
3,Antonio Williams,WR
1.4,Spencer Fano,OT
4,Jalen Farmer,IOL
3,De'Zhaun Stribling,WR
4,Parker Brailsford,IOL
1.4,Mansoor Delane,CB
5,Matt Gulbin,IOL
3,Devin Moore,CB
2.2,Mike Washington Jr.,RB
1.4,Dillon Thieneman,S
3,Jadon Canady,CB
5,Joshua Braun,IOL
7,J.C. Davis,OT
4,Will Kacmarek,TE
4,Tim Keenan III,DL
7,Skyler Gill-Howard,DL
3,Markel Bell,OT
7,Avery Smith,CB
7,Red Murdock,LB
4,Beau Stephens,IOL
3,Treydan Stukes,CB
7,Cameron Ball,DL
7,Quintayvious Hutchins,EDGE
5,Kaelon Black,RB
3,Travis Burke,OT
7,Khalil Dinkins,TE
2.2,Garrett Nussmeier,QB
2.2,Zakee Wheatley,S
1.4,Avieon Terrell,CB
4,T.J. Hall,CB
3,Gennings Dunker,IOL
2.2,Chandler Rivers,CB
3,Jude Bowry,OT
3,Elijah Sarratt,WR
5,Chris McClellan,DL
3,Sam Roush,TE
2.2,Jadarian Price,RB
1.2,Caleb Downs,S
5,Nicholas Singleton,RB
2.2,Deion Burks,WR
3,Eli Raridon,TE
3,Ja'Kobi Lane,WR
3,Connor Lew,IOL
2.2,Josiah Trotter,LB
2.2,Chris Johnson,CB
5,John Michael Gyllenborg,TE
5,Lorenzo Styles,S
7,Cole Wisniewski,S
5,Jalen Stroman,S
1.3,Fernando Mendoza,QB
1.4,Makai Lemon,WR
7,Dalton Johnson,S
7,Wesley Williams,DL
3,Jake Slaughter,IOL
3,Drew Allar,QB
4,Anez Cooper,IOL
7,Keelan Marion,WR
4,Logan Taylor,IOL
5,Sawyer Robertson,QB
4,Thaddeus Dixon,CB
7,Alan Herron,OT
4,Febechi Nwaiwu,IOL
3,Jack Endries,TE
3,Julian Neal,CB
3,Louis Moore,S
3,Oscar Delp,TE
7,Landon Robinson,DL
2.2,A.J. Haulcy,S
5,Caden Barnett,IOL
7,Latrell McCutchin Sr.,CB
5,Owen Heinecke,LB
4,Demond Claiborne,RB
1.4,Keldric Faulk,DL
2.2,T.J. Parker,EDGE
